hari,jam_ke,mata_pelajaran,guru_pengampu,jam_mulai,jam_selesai
Senin,1,Bahasa Indonesia,Pak Bangkit,07:00,07:45
Senin,2,Bahasa Indonesia,Pak Bangkit,07:45,08:30
Senin,3,Bahasa Indonesia,Pak Bangkit,08:30,09:15
Senin,4,Matematika,Bu Rina,09:30,10:15
Senin,5,Matematika,Bu Rina,10:15,11:00
Selasa,1,Fisika,Pak Joko,07:00,07:45
Selasa,2,Fisika,Pak Joko,07:45,08:30
Selasa,3,Kimia,Ibu Siti,08:30,09:15
Rabu,1,Biologi,Pak Budi,07:00,07:45
Kamis,1,Bahasa Inggris,Miss Dewi,07:00,07:45
Jumat,1,PAI,Pak Ahmad,07:00,07:40
